base_path,redirect
guidance/how-to-complete-your-2022-environmental-stewardship-revenue-claim-form,/guidance/environmental-stewardship-how-to-get-paid-under-your-agreement
guidance/how-to-complete-your-2021-environmental-stewardship-claim-form,/guidance/environmental-stewardship-how-to-get-paid-under-your-agreement
guidance/how-to-apply-online-for-bps-in-2022,/guidance/basic-payment-scheme
guidance/basic-payment-scheme-2022-how-to-apply-using-a-paper-form,/guidance/basic-payment-scheme
guidance/how-to-apply-online-for-bps-in-2021,/guidance/basic-payment-scheme
guidance/the-basic-payment-scheme-in-england-2021,/guidance/basic-payment-scheme
guidance/countryside-stewardship-2022-how-to-complete-the-capital-claim-form,/guidance/how-to-make-a-capital-or-revenue-claim-for-countryside-stewardship
guidance/countryside-stewardship-2022-how-to-complete-a-revenue-claim,/guidance/how-to-make-a-capital-or-revenue-claim-for-countryside-stewardship
guidance/countryside-stewardship-2022-how-to-submit-a-capital-claim-online,/guidance/how-to-make-a-capital-or-revenue-claim-for-countryside-stewardship
guidance/countryside-stewardship-2022-how-to-submit-a-revenue-claim-online,/guidance/how-to-make-a-capital-or-revenue-claim-for-countryside-stewardship
guidance/countryside-stewardship-2022-how-to-apply-for-a-woodland-management-plan-grant,/guidance/countryside-stewardship-get-funding-to-protect-and-improve-the-land-you-manage
guidance/countryside-stewardship-2022-how-to-apply-for-capital-grants,/guidance/countryside-stewardship-get-funding-to-protect-and-improve-the-land-you-manage
guidance/countryside-stewardship-2022-how-to-apply-for-a-woodland-tree-health-grant,/guidance/countryside-stewardship-get-funding-to-protect-and-improve-the-land-you-manage
guidance/countryside-stewardship-2022-how-to-apply-online-for-mid-tier,/guidance/countryside-stewardship-get-funding-to-protect-and-improve-the-land-you-manage
guidance/countryside-stewardship-2022-how-to-apply-by-email-or-post-for-the-wildlife-offers,/guidance/countryside-stewardship-get-funding-to-protect-and-improve-the-land-you-manage
guidance/countryside-stewardship-2022-how-to-apply-online-for-the-wildlife-offers,/guidance/countryside-stewardship-get-funding-to-protect-and-improve-the-land-you-manage
guidance/countryside-stewardship-cs-how-to-apply-for-a-cs-protection-and-infrastructure-grant,/guidance/countryside-stewardship-get-funding-to-protect-and-improve-the-land-you-manage
guidance/countryside-stewardship-2022-how-to-apply-by-email-or-post-for-higher-tier,/guidance/countryside-stewardship-get-funding-to-protect-and-improve-the-land-you-manage
guidance/countryside-stewardship-2022-how-to-apply-online-for-capital-grants,/guidance/countryside-stewardship-get-funding-to-protect-and-improve-the-land-you-manage
guidance/countryside-stewardship-2022-how-to-apply-by-email-or-post-for-mid-tier,/guidance/countryside-stewardship-get-funding-to-protect-and-improve-the-land-you-manage
guidance/countryside-stewardship-2022-how-to-request-a-mid-tier-or-higher-tier-application-pack,/guidance/countryside-stewardship-get-funding-to-protect-and-improve-the-land-you-manage
guidance/countryside-stewardship-2021-how-to-complete-a-revenue-claim,/guidance/how-to-make-a-capital-or-revenue-claim-for-countryside-stewardship
guidance/countryside-stewardship-2021-how-to-complete-a-capital-claim-form,/guidance/how-to-make-a-capital-or-revenue-claim-for-countryside-stewardship
guidance/countryside-stewardship-2021-how-to-submit-a-capital-claim-online,/guidance/how-to-make-a-capital-or-revenue-claim-for-countryside-stewardship
guidance/countryside-stewardship-2021-how-to-submit-a-revenue-claim-online,/guidance/how-to-make-a-capital-or-revenue-claim-for-countryside-stewardship
guidance/countryside-stewardship-2021-how-to-apply-by-email-or-post-for-higher-tier,/guidance/how-to-make-a-capital-or-revenue-claim-for-countryside-stewardship
guidance/countryside-stewardship-2021-how-to-apply-by-email-or-post-for-mid-tier,/guidance/how-to-make-a-capital-or-revenue-claim-for-countryside-stewardship
guidance/countryside-stewardship-2021-how-to-apply-by-email-or-post-for-the-wildlife-offers,/guidance/how-to-make-a-capital-or-revenue-claim-for-countryside-stewardship
guidance/countryside-stewardship-2021-how-to-apply-online-for-the-woodland-management-plan-grant,/guidance/how-to-make-a-capital-or-revenue-claim-for-countryside-stewardship
guidance/countryside-stewardship-how-to-apply-for-a-woodland-management-plan-grant,/guidance/how-to-make-a-capital-or-revenue-claim-for-countryside-stewardship
guidance/countryside-stewardship-how-to-apply-for-a-woodland-creation-maintenance-grant,/guidance/how-to-make-a-capital-or-revenue-claim-for-countryside-stewardship
guidance/countryside-stewardship-how-to-apply-for-a-woodland-tree-health-grant,/guidance/how-to-make-a-capital-or-revenue-claim-for-countryside-stewardship
guidance/countryside-stewardship-2021-how-to-apply-online-for-the-wildlife-offers,/guidance/how-to-make-a-capital-or-revenue-claim-for-countryside-stewardship
guidance/countryside-stewardship-2021-how-to-apply-online-for-capital-grants,/guidance/how-to-make-a-capital-or-revenue-claim-for-countryside-stewardship
guidance/countryside-stewardship-how-to-request-a-mid-tier-or-higher-application-pack,/guidance/how-to-make-a-capital-or-revenue-claim-for-countryside-stewardship
guidance/countryside-stewardship-how-to-apply-for-capital-grants,/guidance/how-to-make-a-capital-or-revenue-claim-for-countryside-stewardship